{
  "cli": {
    "version": ">= 0.34.0"
  },
  "build": {
    "developssment": {
      "distribution": "internal",
      "android": {
        "gradleCommand": ":app:assembleDebug"
      },
      "ios": {
        "buildConfiguration": "Debug"
      }
    },
    "preview": {
      "distribution": "internal"
    },
    "production": {}
  },
  "submit": {
    "production": {
      "android": {
        "serviceAccountKeyPath": "../path/to/api-xxx-yyy-zzz.json",
        "track": "internal"
      },
      "ios": {
        "appleId": "chetan@etcspl.com",
        "ascAppId": "6468560866",
        "appleTeamId": "6W964DV3EN"
      }
    }
  }
}
